Model Name,Accuracy,Recall,F1-Score
Logistic Regression,0.7801732080339046,0.41133645345813835,0.4692273468782441
AdaBoost,0.783797064062404,0.5509620384815392,0.5462748130961588
KNN,0.7575087525336281,0.3494539781591264,0.4050632911392405
XGBoost,0.7807874209200909,0.5192407696307852,0.5280973158799418
