Model Name,Accuracy,Recall,F1-Score
Logistic Regression,0.7967569559609361,0.5252210088403536,0.5497346577765683
AdaBoost,0.7993366500829188,0.4076963078523141,0.4897704201155708
KNN,0.7632823536637798,0.46047841913676546,0.4789075175770687
XGBoost,0.7923960444690129,0.22308892355694226,0.336734693877551
