Model Name,AUCPR,AUROC
Logistic Regression,0.5362427727682558,0.8256508571561199
AdaBoost,0.5475705171095966,0.8177500015159431
KNN,0.48156037916950295,0.7909975450083543
XGBoost,0.5707141768800387,0.8288205062581273
