Model Name,AUCPR,AUROC
Logistic Regression,0.54332465990097,0.8251836539082793
AdaBoost,0.5901961303468819,0.8346148280993564
KNN,0.5050046723878544,0.7972907585382628
XGBoost,0.5657070638244098,0.82772667480885
