Model Name,Accuracy,Recall,F1-Score
Logistic Regression,0.7567716970702045,0.6978679147165887,0.5754716981132075
AdaBoost,0.753332104907561,0.7194487779511181,0.579476439790576
KNN,0.7634666175296357,0.6014040561622465,0.5457119263890527
XGBoost,0.7788219396842946,0.625585023400936,0.5719719481754427
