Model Name,AUCPR,AUROC
Logistic Regression,0.5147696961296802,0.8182203516528277
AdaBoost,0.5324286853199134,0.8196374449268282
KNN,0.43666658012025816,0.7498842446661276
XGBoost,0.5280922195162039,0.8217933357462968
