Model Name,AUCPR,AUROC
Logistic Regression,0.49672420975941123,0.8081581268880027
AdaBoost,0.5181569900605923,0.7931971577214515
KNN,0.4398616860914314,0.7477493156823176
XGBoost,0.5166279266249406,0.8074510700572776
