Model Name,Accuracy,Recall,F1-Score
Logistic Regression,0.7798046803021927,0.29329173166926675,0.38623523369286084
AdaBoost,0.774890977212702,0.12532501300052,0.20825232231583496
KNN,0.7560346416067809,0.3530941237649506,0.4061004784688995
XGBoost,0.780603157054235,0.1812272490899636,0.2807088199758357
